{"best_reward_epoch":1,"generator_architecture":{"path":"media/html/generator_architecture_0_831405e3c5ecf6b86f5b.html","_type":"html-file","sha256":"831405e3c5ecf6b86f5b15871d18cc8601e80a8bc0843525888bb36ed52f3811","size":170026},"final_best_reward":0.006061406806111336,"training_completed":true,"best_g_loss":288.5065612792969,"total_epochs_trained":22,"epochs_without_improvement":20,"d_loss_fake":0.1743512749671936,"_wandb":{"runtime":214},"reward":-0.01432737149298191,"d_loss_combined":0.1764765977859497,"_step":46,"_timestamp":1.7431055697199469e+09,"epoch":20,"final_best_epoch":1,"critic_architecture":{"_type":"html-file","sha256":"5544f341fff57866928622167256b318553f2b564bf767f88f59e103198d2425","size":166854,"path":"media/html/critic_architecture_0_5544f341fff578669286.html"},"_runtime":214.961066902,"d_loss_real":0.178601935505867,"g_loss":288.5065612792969,"discriminator_architecture":{"sha256":"bf3b46668a7b0783753690f29ef02776295c1c741db04d5c28d9daa074e14386","size":166857,"path":"media/html/discriminator_architecture_0_bf3b46668a7b07837536.html","_type":"html-file"},"best_reward":0.006061406806111336,"c_loss":3.5432775020599365,"early_stopping_best_epoch":1,"early_stopping_best_reward":0.006061406806111336,"best_d_loss":0.1764765977859497,"trajectory_samples":{"_type":"image-file","sha256":"7edc37950f179522a0366bacdda37cca7da31d25690a68e11695db8905ca2cd8","size":68047,"path":"media/images/trajectory_samples_3_7edc37950f179522a036.png","format":"png","width":1200,"height":1000}}